{"model": "< ViT_multi_model_multilabel.ViTTabMultiModalMultilabelModel>v2_f5_r2_ep5_fulldataset", "auroc": [0.7330753207206726, 0.7334328889846802, 0.730624794960022, 0.7354221940040588, 0.7314697504043579, 0.7322108149528503, 0.7319552302360535, 0.7353569269180298, 0.7322182059288025, 0.7321141362190247], "mAP-macro": [0.317834734916687, 0.3149615526199341, 0.3143233358860016, 0.3188755214214325, 0.31635379791259766, 0.31502479314804077, 0.31534257531166077, 0.31895017623901367, 0.31794506311416626, 0.3177919089794159], "mAP-micro": [0.610438883304596, 0.6058143973350525, 0.608031153678894, 0.6126652956008911, 0.6087376475334167, 0.6088711023330688, 0.607101559638977, 0.6135691404342651, 0.6088566184043884, 0.612188994884491], "F1": [0.19130375981330872, 0.19765321910381317, 0.21068254113197327, 0.20122137665748596, 0.205022931098938, 0.20060549676418304, 0.1845012903213501, 0.2084113508462906, 0.2082127034664154, 0.1998726725578308]}