{"model": "< ViT_multi_model_multilabel.ViTMonoMultilabelModel>v2_f5_r2_ep5_fulldataset", "auroc": [0.7258383631706238, 0.7279979586601257, 0.7264638543128967, 0.7248517274856567, 0.7255352735519409, 0.7268888354301453, 0.7266538143157959, 0.7283450961112976, 0.7278658151626587, 0.7267577648162842], "mAP-macro": [0.313163697719574, 0.3087075650691986, 0.31015288829803467, 0.3114051818847656, 0.3089759051799774, 0.3102416396141052, 0.309247225522995, 0.31300172209739685, 0.3124234676361084, 0.31006231904029846], "mAP-micro": [0.6047300696372986, 0.5991504192352295, 0.6041346192359924, 0.6042225956916809, 0.5974183678627014, 0.6005862951278687, 0.603766143321991, 0.6054366230964661, 0.6037627458572388, 0.6022218465805054], "F1": [0.1823679506778717, 0.18585379421710968, 0.18795478343963623, 0.2052699774503708, 0.18950232863426208, 0.1915367841720581, 0.20085594058036804, 0.19044998288154602, 0.19937101006507874, 0.18648973107337952]}