{"model": "< ViT_multi_model_multilabel.ViTTextMultiModalMultilabelModel>v2_f5_r2_ep5_fulldataset", "auroc": [0.7350773215293884, 0.7359479665756226, 0.733513593673706, 0.7334517240524292, 0.7359498143196106, 0.7327438592910767, 0.7351590991020203, 0.7362613081932068, 0.734849214553833, 0.733331024646759], "mAP-macro": [0.321723073720932, 0.3162391781806946, 0.31787028908729553, 0.3188842833042145, 0.3195624351501465, 0.31563514471054077, 0.3172352910041809, 0.32174181938171387, 0.31958839297294617, 0.31738370656967163], "mAP-micro": [0.6154165267944336, 0.6106877326965332, 0.6123418807983398, 0.6126651167869568, 0.6148095726966858, 0.6104673147201538, 0.610226035118103, 0.6162362098693848, 0.613028347492218, 0.6120296716690063], "F1": [0.2006634771823883, 0.20818564295768738, 0.1907772719860077, 0.20367011427879333, 0.1979828178882599, 0.20551005005836487, 0.19544821977615356, 0.2040793001651764, 0.19756975769996643, 0.2071390151977539]}